id,T0,negK
distal100,0.385972043,-2.39682E-06
lid_utm,0.616940225,-2.83725E-06
young_utm,0.473822347,-1.99176E-06
,,
,,